OFFER,RETAILER,BRAND,BRAND_CATEGORY,PARENT_CATEGORY
Spend $50 on a Full-Priced new Club Membership,SAMS CLUB,SAMS CLUB,,
"Beyond Meat® Plant-Based products, spend $25",,BEYOND MEAT,Plant-Based Meat,Meat & Seafood
"Beyond Meat® Plant-Based products, spend $25",,BEYOND MEAT,Frozen Plant-Based Meat,Frozen
"Beyond Meat® Plant-Based products, spend $25",,BEYOND MEAT,Packaged Meat,Pantry
Good Humor Viennetta Frozen Vanilla Cake,,GOOD HUMOR,Frozen Desserts,Frozen
Good Humor Viennetta Frozen Vanilla Cake,,GOOD HUMOR,Dips & Salsa,Snacks
"Butterball, select varieties, spend $10 at Dillons Food Store",DILLONS FOOD STORE,BUTTERBALL,Nut Butters & Jam,Pantry
"Butterball, select varieties, spend $10 at Dillons Food Store",DILLONS FOOD STORE,BUTTERBALL,Frozen Turkey,Frozen Meat
"GATORADE® Fast Twitch®, 12-ounce 12 pack, at Amazon Storefront*",AMAZON,GATORADE,Sports Drinks,Sports Drinks & Enhanced Waters
"GATORADE® Fast Twitch®, 12-ounce 12 pack, at Amazon Storefront*",AMAZON,GATORADE,Medicines & Treatments,Health & Wellness
"GATORADE® Fast Twitch®, 12-ounce 12 pack, at Amazon Storefront*",AMAZON,GATORADE,Meal Replacement Beverages,Beverages
Emmy's Organics® Cookies OR Brownie Snaps,,EMMYS POP UP,Cookies,Snacks
"Dr Pepper®, Regular OR Zero Sugar Strawberries and Cream 12 pack, at select retailers",UNITED SUPERMARKETS,DR PEPPER,Carbonated Soft Drinks,Beverages
"Dr Pepper®, Regular OR Zero Sugar Strawberries and Cream 12 pack, at select retailers",UNITED SUPERMARKETS,DR PEPPER,Cooking & Baking,Pantry
"Arnold, Brownberry, Oroweat® Small Slice bread, at Walmart",WALMART,ARNOLD BROWNBERRY OROWEAT,Bread,Pantry
"Arnold, Brownberry, Oroweat® Small Slice bread, at Walmart",WALMART,ARNOLD BROWNBERRY OROWEAT,Prepared Meals,Deli & Bakery
"Arnold, Brownberry, Oroweat® Small Slice bread, at Walmart",WALMART,ARNOLD BROWNBERRY OROWEAT,Bakery,Deli & Bakery
Barilla® Pesto Sauce,,BARILLA,Dry Pasta,Pasta & Noodles
Barilla® Pesto Sauce,,BARILLA,Chips,Snacks
Barilla® Pesto Sauce,,BARILLA,Red Pasta Sauce,Pasta Sauce
Barilla® Pesto Sauce,,BARILLA,Pesto Sauce,Pasta Sauce
"Any General Mills™ products, buy 2
Good Rewards Members Only",,ANNIES HOMEGROWN GROCERY,Cheese,Dairy
"Any General Mills™ products, buy 2
Good Rewards Members Only",,ANNIES HOMEGROWN GROCERY,Crackers,Snacks
"Any General Mills™ products, buy 2
Good Rewards Members Only",,ANNIES HOMEGROWN GROCERY,Fruit & Vegetable Snacks,Snacks
"Any General Mills™ products, buy 2
Good Rewards Members Only",,ANNIES HOMEGROWN GROCERY,Dressings,Pantry
"Any General Mills™ products, buy 2
Good Rewards Members Only",,ANNIES HOMEGROWN GROCERY,Cooking & Baking,Pantry
"Any General Mills™ products, buy 2
Good Rewards Members Only",,ANNIES HOMEGROWN GROCERY,Refrigerated Doughs,Dairy
"Any General Mills™ products, buy 2
Good Rewards Members Only",,ANNIES HOMEGROWN GROCERY,Packaged Vegetables,Pantry
"Any General Mills™ products, buy 2
Good Rewards Members Only",,ANNIES HOMEGROWN GROCERY,Frozen Meals,Frozen
"Any General Mills™ products, buy 2
Good Rewards Members Only",,ANNIES HOMEGROWN GROCERY,Chips,Snacks
"Any General Mills™ products, buy 2
Good Rewards Members Only",,ANNIES HOMEGROWN GROCERY,Frozen Pizza & Pizza Snacks,Frozen
"Any General Mills™ products, buy 2
Good Rewards Members Only",,ANNIES HOMEGROWN GROCERY,"Cereal, Granola, & Toaster Pastries",Pantry
"Any General Mills™ products, buy 2
Good Rewards Members Only",,ANNIES HOMEGROWN GROCERY,Bread,Pantry
"Any General Mills™ products, buy 2
Good Rewards Members Only",,ANNIES HOMEGROWN GROCERY,Frozen Breakfast,Frozen
"Any General Mills™ products, buy 2
Good Rewards Members Only",,ANNIES HOMEGROWN GROCERY,Cookies,Snacks
"Any General Mills™ products, buy 2
Good Rewards Members Only",,ANNIES HOMEGROWN GROCERY,Soup & Broth,Pantry
Egglife Egg White Wraps at Aldi,ALDI,EGGLIFE,Eggs,Dairy
Spend $20 at Zaxby's,ZAXBYS,ZAXBYS,,
Spend $10 at Subway,SUBWAY,SUBWAY,Cooking & Baking,Pantry
"DOVE® Chocolate, select sizes, buy 1",,DOVE CHOCOLATE,Candy,Snacks
Hellmann's® OR Best Foods® Garlic Aioli OR Spicy Mayonnaise,,HELLMANNS BEST FOODS,Condiments,Pantry
Hellmann's® OR Best Foods® Garlic Aioli OR Spicy Mayonnaise,,HELLMANNS BEST FOODS,Sauces & Marinades,Pantry
Hellmann's® OR Best Foods® Garlic Aioli OR Spicy Mayonnaise,,HELLMANNS BEST FOODS,Dressings,Pantry
"M&M'S®, select sizes, buy 1",,M&MS,Candy,Snacks
"GATORLYTE® OR GATORADE™ Fit Single Serve Bottle, select varieties, buy 2",,GATORADE,Sports Drinks,Sports Drinks & Enhanced Waters
"GATORLYTE® OR GATORADE™ Fit Single Serve Bottle, select varieties, buy 2",,GATORADE,Medicines & Treatments,Health & Wellness
"GATORLYTE® OR GATORADE™ Fit Single Serve Bottle, select varieties, buy 2",,GATORADE,Meal Replacement Beverages,Beverages
"Beyond Steak™ Plant-Based seared tips, 10 ounce at Target",TARGET,BEYOND MEAT,Plant-Based Meat,Meat & Seafood
"Beyond Steak™ Plant-Based seared tips, 10 ounce at Target",TARGET,BEYOND MEAT,Frozen Plant-Based Meat,Frozen
"Beyond Steak™ Plant-Based seared tips, 10 ounce at Target",TARGET,BEYOND MEAT,Packaged Meat,Pantry
Red Gold Tomato Ketchup,,RED GOLD,Cooking & Baking,Pantry
Red Gold Tomato Ketchup,,RED GOLD,Sauces & Marinades,Pantry
Red Gold Tomato Ketchup,,RED GOLD,Condiments,Pantry
Red Gold Tomato Ketchup,,RED GOLD,Dips & Salsa,Snacks
Red Gold Tomato Ketchup,,RED GOLD,Drink Mixes,Beverages
Gillette Venus ® for Pubic Hair & Skin spend $20,,GILLETTE VENUS,Hair Removal,Health & Wellness
Spend $140 at Shaws,SHAWS,SHAWS,Cooking & Baking,Pantry
"L'Oréal Paris Hair color, select varieties, spend $19 at Target",TARGET,LOREAL PARIS HAIR COLOR,Hair Care,Health & Wellness
Simply Spiked™ Lemonade 12 pack+,,SIMPLY SPIKED,Malt Beverages,Alcohol
Simply Spiked™ Lemonade 12 pack+,,SIMPLY SPIKED,"Hard Seltzers, Sodas, Waters, Lemonades & Teas",Alcohol
"Gorton's, at select retailers",SHOP RITE,GORTONS,Frozen Seafood,Frozen Meat
"Gorton's, at select retailers",SHOP RITE,GORTONS,Jerky & Dried Meat,Snacks
"Gorton's, at select retailers",SHOP RITE,GORTONS,Frozen Meals,Frozen
Shop 2 times at ACME,ACME,ACME,Medicines & Treatments,Health & Wellness
"Butterball, select varieties, spend $10 at Ralphs",RALPHS,BUTTERBALL,Nut Butters & Jam,Pantry
"Butterball, select varieties, spend $10 at Ralphs",RALPHS,BUTTERBALL,Frozen Turkey,Frozen Meat
"Beyond Steak™ Plant-Based seared tips, 10 ounce, buy 2 at H-E-B",H-E-B,BEYOND MEAT,Plant-Based Meat,Meat & Seafood
"Beyond Steak™ Plant-Based seared tips, 10 ounce, buy 2 at H-E-B",H-E-B,BEYOND MEAT,Frozen Plant-Based Meat,Frozen
"Beyond Steak™ Plant-Based seared tips, 10 ounce, buy 2 at H-E-B",H-E-B,BEYOND MEAT,Packaged Meat,Pantry
"Butterball, select varieties, Spend $10 at Ruler Foods",RULER FOODS,BUTTERBALL,Nut Butters & Jam,Pantry
"Butterball, select varieties, Spend $10 at Ruler Foods",RULER FOODS,BUTTERBALL,Frozen Turkey,Frozen Meat
Spend $20 at KFC,KFC,KFC,,
Spend $15 at Nekter,NEKTER JUICE BAR,NEKTER,,
Order online at Zaxbys.com,ZAXBYS,ZAXBYS,,
"Butterball, select varieties, spend $10 at King Soopers",KING SOOPERS,BUTTERBALL,Nut Butters & Jam,Pantry
"Butterball, select varieties, spend $10 at King Soopers",KING SOOPERS,BUTTERBALL,Frozen Turkey,Frozen Meat
Order from Casey's app or Caseys.com,CASEYS GENERAL STORE,CASEYS GENERAL STORE,Cooking & Baking,Pantry
Order from Casey's app or Caseys.com,CASEYS GENERAL STORE,CASEYS GENERAL STORE,Frozen Pizza & Pizza Snacks,Frozen
"Tru-Ray® Premium Construction Paper, spend $10",,TRURAY,,
"Flonase Allergy Relief, at Walmart",WALMART,FLONASE,Medicines & Treatments,Health & Wellness
Spend $25 at KFC,KFC,KFC,,
"Gorton's Air Fried Butterfly Shrimp, at Walmart",WALMART,GORTONS,Frozen Seafood,Frozen Meat
"Gorton's Air Fried Butterfly Shrimp, at Walmart",WALMART,GORTONS,Jerky & Dried Meat,Snacks
"Gorton's Air Fried Butterfly Shrimp, at Walmart",WALMART,GORTONS,Frozen Meals,Frozen
"CESAR® Wet Dog Food, spend $20",,CESAR,Cooking & Baking,Pantry
"CESAR® Wet Dog Food, spend $20",,CESAR,Sauces & Marinades,Pantry
"CESAR® Wet Dog Food, spend $20",,CESAR,Dog Supplies,Animals & Pet Supplies
"CESAR® Wet Dog Food, spend $20",,CESAR,Frozen Chicken,Frozen Meat
"TWIX®, select sizes",,TWIX,Candy,Snacks
"TWIX®, select sizes",,TWIX,Cookies,Snacks
"M&M'S® chocolate candies, select varieties",,M&MS,Candy,Snacks
"Hidden Valley® Ranch Salad Dressing OR Secret Sauce, select varieties",,HIDDEN VALLEY RANCH,Dips & Salsa,Snacks
"Hidden Valley® Ranch Salad Dressing OR Secret Sauce, select varieties",,HIDDEN VALLEY RANCH,Sauces & Marinades,Pantry
"Hidden Valley® Ranch Salad Dressing OR Secret Sauce, select varieties",,HIDDEN VALLEY RANCH,Cooking & Baking,Pantry
Spend $210 at Randalls,RANDALLS,RANDALLS,,
"Cooked Perfect® Meatballs, at Walmart",WALMART,COOKED PERFECT,Frozen Chicken,Frozen Meat
Spend $25 at Casey's,CASEYS GENERAL STORE,CASEYS GENERAL STORE,Cooking & Baking,Pantry
Spend $25 at Casey's,CASEYS GENERAL STORE,CASEYS GENERAL STORE,Frozen Pizza & Pizza Snacks,Frozen
"Perfect Keto Barista Blend Collagen & MCTs, online at Amazon",AMAZON,PERFECT KETO,Medicines & Treatments,Health & Wellness
"Perfect Keto Barista Blend Collagen & MCTs, online at Amazon",AMAZON,PERFECT KETO,Nuts & Seeds,Snacks
"Creativity Street®, spend $10",,CREATIVITY STREET,,
"Crunchmaster® Crackers, spend $4",,CRUNCHMASTER,Crackers,Snacks
"Crunchmaster® Crackers, spend $4",,CRUNCHMASTER,Candy,Snacks
"Tyson Products, select varieties, spend $20 at Sam's Club",SAMS CLUB,BALL PARK FRANK,Packaged Meat,Pantry
"Tyson Products, select varieties, spend $20 at Sam's Club",SAMS CLUB,BALL PARK FRANK,Frozen Beef,Frozen Meat
"L'Oréal Paris Makeup, spend $35 at Target",TARGET,LOREAL PARIS COSMETICS,Makeup,Beauty
Spend $25 at Subway,SUBWAY,SUBWAY,Cooking & Baking,Pantry
Any Vons receipt,VONS,VONS,Spirits,Alcohol
"Chosen Foods® Mayo, select varieties",,CHOSEN FOODS,Cooking & Baking,Pantry
"Chosen Foods® Mayo, select varieties",,CHOSEN FOODS,Dips & Salsa,Snacks
"Chosen Foods® Mayo, select varieties",,CHOSEN FOODS,Dressings,Pantry
"Chosen Foods® Mayo, select varieties",,CHOSEN FOODS,Condiments,Pantry
"L'Oréal Paris Men Expert hair color, spend $19 at Walmart",WALMART,LOREAL PARIS HAIR COLOR,Hair Care,Health & Wellness
Spend $185 at Shaws,SHAWS,SHAWS,Cooking & Baking,Pantry
Spend $150 at Vons,VONS,VONS,Spirits,Alcohol
"Wine from TheBarrelRoom.com, spend $30",GALLO.COM,ALAMOS,Wine,Alcohol
"General Mills™ products, select brands, spend $35",,ANNIES HOMEGROWN GROCERY,Cheese,Dairy
"General Mills™ products, select brands, spend $35",,ANNIES HOMEGROWN GROCERY,Crackers,Snacks
"General Mills™ products, select brands, spend $35",,ANNIES HOMEGROWN GROCERY,Fruit & Vegetable Snacks,Snacks
"General Mills™ products, select brands, spend $35",,ANNIES HOMEGROWN GROCERY,Dressings,Pantry
"General Mills™ products, select brands, spend $35",,ANNIES HOMEGROWN GROCERY,Cooking & Baking,Pantry
"General Mills™ products, select brands, spend $35",,ANNIES HOMEGROWN GROCERY,Refrigerated Doughs,Dairy
"General Mills™ products, select brands, spend $35",,ANNIES HOMEGROWN GROCERY,Packaged Vegetables,Pantry
"General Mills™ products, select brands, spend $35",,ANNIES HOMEGROWN GROCERY,Frozen Meals,Frozen
"General Mills™ products, select brands, spend $35",,ANNIES HOMEGROWN GROCERY,Chips,Snacks
"General Mills™ products, select brands, spend $35",,ANNIES HOMEGROWN GROCERY,Frozen Pizza & Pizza Snacks,Frozen
"General Mills™ products, select brands, spend $35",,ANNIES HOMEGROWN GROCERY,"Cereal, Granola, & Toaster Pastries",Pantry
"General Mills™ products, select brands, spend $35",,ANNIES HOMEGROWN GROCERY,Bread,Pantry
"General Mills™ products, select brands, spend $35",,ANNIES HOMEGROWN GROCERY,Frozen Breakfast,Frozen
"General Mills™ products, select brands, spend $35",,ANNIES HOMEGROWN GROCERY,Cookies,Snacks
"General Mills™ products, select brands, spend $35",,ANNIES HOMEGROWN GROCERY,Soup & Broth,Pantry
"PepsiCo® Beverage, 7.5-ounce 10 pack, select varieties, at Amazon Storefront*",AMAZON,PEPSI,Carbonated Soft Drinks,Beverages
"Sara Lee® bread, select varieties, buy 2 at Walmart®",WALMART,SARA LEE,Bread,Pantry
"Sara Lee® bread, select varieties, buy 2 at Walmart®",WALMART,SARA LEE,Cheese,Dairy
"Sara Lee® bread, select varieties, buy 2 at Walmart®",WALMART,SARA LEE,Bakery,Deli & Bakery
"Sara Lee® bread, select varieties, buy 2 at Walmart®",WALMART,SARA LEE,"Cereal, Granola, & Toaster Pastries",Pantry
"Sara Lee® bread, select varieties, buy 2 at Walmart®",WALMART,SARA LEE,Frozen Desserts,Frozen
"Sara Lee® or Alfaros® Artesano bread, buy 5",,ALFAROS,Bakery,Deli & Bakery
"Sara Lee® or Alfaros® Artesano bread, buy 5",,ALFAROS,Bread,Pantry
"Bai® Antioxidant, 6 pack, buy 2 at Walmart",WALMART,BAI,Fruit Juices,Beverages
"Bai® Antioxidant, 6 pack, buy 2 at Walmart",WALMART,BAI,Water,Beverages
"Bai® Antioxidant, 6 pack, buy 2 at Walmart",WALMART,BAI,Drink Mixes,Beverages
"Bai® Antioxidant, 6 pack, buy 2 at Walmart",WALMART,BAI,Tea,Beverages
Spend $5 in-store at Casey's,CASEYS GENERAL STORE,CASEYS GENERAL STORE,Cooking & Baking,Pantry
Spend $5 in-store at Casey's,CASEYS GENERAL STORE,CASEYS GENERAL STORE,Frozen Pizza & Pizza Snacks,Frozen
"Reese's Chocolate Cones, 8 count at GIANT OR MARTIN’S",MARTINS FOODS,KLONDIKE,Frozen Desserts,Frozen
"Reese's Chocolate Cones, 8 count at GIANT OR MARTIN’S",MARTINS FOODS,KLONDIKE,Frozen Meals,Frozen
Spend $25 at Fresh Thyme Market,FRESH THYME MARKET,FRESH THYME MARKET,,
Any Albertsons receipt,ALBERTSONS,ALBERTSONS,Candy,Snacks
Shop 2 times at Albertsons,ALBERTSONS,ALBERTSONS,Candy,Snacks
Select beverages AND prepared food items at Casey's,CASEYS GENERAL STORE,CASEYS GENERAL STORE,Cooking & Baking,Pantry
Select beverages AND prepared food items at Casey's,CASEYS GENERAL STORE,CASEYS GENERAL STORE,Frozen Pizza & Pizza Snacks,Frozen
QUEEN V® The VIP & The Wingwoman Soft Touch Silicone Vibrator at Walmart,WALMART,QUEEN V,,
"Back to the Roots Grow Seed Starting Pots OR Germination Trays, at Walmart or Target",TARGET,BACK TO THE ROOTS,Packaged Meals & Sides,Pantry
"Dove Hand Wash, select varieties, buy 2 at Target",TARGET,DOVE,Bath & Body,Health & Wellness
"Dove Hand Wash, select varieties, buy 2 at Target",TARGET,DOVE,Deodorant & Antiperspirant,Health & Wellness
"Dove Hand Wash, select varieties, buy 2 at Target",TARGET,DOVE,Hair Care,Health & Wellness
"Dove Hand Wash, select varieties, buy 2 at Target",TARGET,DOVE,Makeup,Beauty
"Frutero Ice Cream, 1 pint",,FRUTERO,Frozen Desserts,Frozen
"Frutero Ice Cream, 1 pint",,FRUTERO,Frozen Fruits,Frozen
Red Gold Tomato Juice,,RED GOLD,Cooking & Baking,Pantry
Red Gold Tomato Juice,,RED GOLD,Sauces & Marinades,Pantry
Red Gold Tomato Juice,,RED GOLD,Condiments,Pantry
Red Gold Tomato Juice,,RED GOLD,Dips & Salsa,Snacks
Red Gold Tomato Juice,,RED GOLD,Drink Mixes,Beverages
"Bio-Oil® Skincare Oil OR Gel, select varieties",,BIO OIL,Skin Care,Health & Wellness
"Bio-Oil® Skincare Oil OR Gel, select varieties",,BIO OIL,Cooking & Baking,Pantry
Spend $65 at Albertsons,ALBERTSONS,ALBERTSONS,Candy,Snacks
"Welch's®Fruit Snacks, select varieties, buy 2",,WELCHS FRUIT SNACKS,Fruit & Vegetable Snacks,Snacks
Talenti Mini Bars,,TALENTI,Frozen Desserts,Frozen
Talenti Mini Bars,,TALENTI,Frozen Meals,Frozen
Visit OR order online from Casey's 7 times,CASEYS GENERAL STORE,CASEYS GENERAL STORE,Cooking & Baking,Pantry
Visit OR order online from Casey's 7 times,CASEYS GENERAL STORE,CASEYS GENERAL STORE,Frozen Pizza & Pizza Snacks,Frozen
"Simply Spiked™ Signature Peach 12-pack or larger, buy 2",,SIMPLY SPIKED,Malt Beverages,Alcohol
"Simply Spiked™ Signature Peach 12-pack or larger, buy 2",,SIMPLY SPIKED,"Hard Seltzers, Sodas, Waters, Lemonades & Teas",Alcohol
"Molson Coors®, select varieties, 12 pack+",,COORS LIGHT,Beer,Alcohol
"Molson Coors®, select varieties, 12 pack+",,COORS LIGHT,Makeup,Beauty
"Welch's® Zero Sugar Fruity Bites, 6 pack+, online at Amazon",AMAZON,WELCHS FRUIT SNACKS,Fruit & Vegetable Snacks,Snacks
"PepsiCo® Variety Pack, select varieties, at Amazon Storefront*",AMAZON,PEPSI,Carbonated Soft Drinks,Beverages
Spend $100 at Vons,VONS,VONS,Spirits,Alcohol
Spend $15 at Subway,SUBWAY,SUBWAY,Cooking & Baking,Pantry
Spend $35 at Fresh Thyme Market,FRESH THYME,FRESH THYME MARKET,,
Sign up for The Club Card or The Club+ Card full-priced membership* (New Members Only),BJS WHOLESALE,BJS WHOLESALE,Cooking & Baking,Pantry
"Marinela® sweet baked goods, buy 2",,MARINELA,Cookies,Snacks
"Marinela® sweet baked goods, buy 2",,MARINELA,Snack Cakes,Snacks
"Marinela® sweet baked goods, buy 2",,MARINELA,Candy,Snacks
"Back to the Roots Soils, select varieties and sizes, at Walmart",WALMART,BACK TO THE ROOTS,Packaged Meals & Sides,Pantry
"Any General Mills™ products, spend $60",,ANNIES HOMEGROWN,,
"Welch's® Fruit Snacks, select varieties, 6 count+, buy 3",,WELCHS FRUIT SNACKS,Fruit & Vegetable Snacks,Snacks
Spend $90 at Tom Thumb,TOM THUMB,TOM THUMB,,
Spend $5 on single-serve prepared food items at Casey's,CASEYS GENERAL STORE,CASEYS GENERAL STORE,Cooking & Baking,Pantry
Spend $5 on single-serve prepared food items at Casey's,CASEYS GENERAL STORE,CASEYS GENERAL STORE,Frozen Pizza & Pizza Snacks,Frozen
"Coors Light®, Miller Lite® OR VIZZY™ 12 pack+",,VIZZY,"Hard Seltzers, Sodas, Waters, Lemonades & Teas",Alcohol
"Coors Light®, Miller Lite® OR VIZZY™ 12 pack+",,VIZZY,Malt Beverages,Alcohol
"Cooked Perfect® Meatballs, Homestyle OR Turkey, at Walmart",WALMART,COOKED PERFECT,Frozen Chicken,Frozen Meat
12 Pack OR 2 Liter AND Whole Pizza Pie at Casey's,CASEYS GENERAL STORE,CASEYS GENERAL STORE,Cooking & Baking,Pantry
12 Pack OR 2 Liter AND Whole Pizza Pie at Casey's,CASEYS GENERAL STORE,CASEYS GENERAL STORE,Frozen Pizza & Pizza Snacks,Frozen
"General Mills™ products, select brands, spend $7 at Convenience Stores",,ANNIES HOMEGROWN GROCERY,Cheese,Dairy
"General Mills™ products, select brands, spend $7 at Convenience Stores",,ANNIES HOMEGROWN GROCERY,Crackers,Snacks
"General Mills™ products, select brands, spend $7 at Convenience Stores",,ANNIES HOMEGROWN GROCERY,Fruit & Vegetable Snacks,Snacks
"General Mills™ products, select brands, spend $7 at Convenience Stores",,ANNIES HOMEGROWN GROCERY,Dressings,Pantry
"General Mills™ products, select brands, spend $7 at Convenience Stores",,ANNIES HOMEGROWN GROCERY,Cooking & Baking,Pantry
"General Mills™ products, select brands, spend $7 at Convenience Stores",,ANNIES HOMEGROWN GROCERY,Refrigerated Doughs,Dairy
"General Mills™ products, select brands, spend $7 at Convenience Stores",,ANNIES HOMEGROWN GROCERY,Packaged Vegetables,Pantry
"General Mills™ products, select brands, spend $7 at Convenience Stores",,ANNIES HOMEGROWN GROCERY,Frozen Meals,Frozen
"General Mills™ products, select brands, spend $7 at Convenience Stores",,ANNIES HOMEGROWN GROCERY,Chips,Snacks
"General Mills™ products, select brands, spend $7 at Convenience Stores",,ANNIES HOMEGROWN GROCERY,Frozen Pizza & Pizza Snacks,Frozen
"General Mills™ products, select brands, spend $7 at Convenience Stores",,ANNIES HOMEGROWN GROCERY,"Cereal, Granola, & Toaster Pastries",Pantry
"General Mills™ products, select brands, spend $7 at Convenience Stores",,ANNIES HOMEGROWN GROCERY,Bread,Pantry
"General Mills™ products, select brands, spend $7 at Convenience Stores",,ANNIES HOMEGROWN GROCERY,Frozen Breakfast,Frozen
"General Mills™ products, select brands, spend $7 at Convenience Stores",,ANNIES HOMEGROWN GROCERY,Cookies,Snacks
"General Mills™ products, select brands, spend $7 at Convenience Stores",,ANNIES HOMEGROWN GROCERY,Soup & Broth,Pantry
Gillette Venus ® for Pubic Hair & Skin,,GILLETTE VENUS,Hair Removal,Health & Wellness
"Barilla® Pasta, select varieties, buy 2",,BARILLA,Dry Pasta,Pasta & Noodles
"Barilla® Pasta, select varieties, buy 2",,BARILLA,Chips,Snacks
"Barilla® Pasta, select varieties, buy 2",,BARILLA,Red Pasta Sauce,Pasta Sauce
"Barilla® Pasta, select varieties, buy 2",,BARILLA,Pesto Sauce,Pasta Sauce
Little Bites® Spend $10 at Walmart®,WALMART,ENTENMANNS,Snack Cakes,Snacks
Little Bites® Spend $10 at Walmart®,WALMART,ENTENMANNS,Cookies,Snacks
Little Bites® Spend $10 at Walmart®,WALMART,ENTENMANNS,Wine,Alcohol
Little Bites® Spend $10 at Walmart®,WALMART,ENTENMANNS,Bakery,Deli & Bakery
Envy Apples pre-packed bags,,ENVY,Sauces & Marinades,Pantry
Envy Apples pre-packed bags,,ENVY,Candy,Snacks
Shop 2 times at Tom Thumb,TOM THUMB,TOM THUMB,,
"Ben & Jerry's Frozen Creme Brulee Non Dairy Dessert, 16 ounce",,BEN AND JERRYS,Frozen Desserts,Frozen
"Purex® laundry detergent, select varieties, at Walmart",WALMART,PUREX,Laundry Supplies,Household Supplies
Whole Pizza at Casey's,CASEYS GENERAL STORE,CASEYS GENERAL STORE,Cooking & Baking,Pantry
Whole Pizza at Casey's,CASEYS GENERAL STORE,CASEYS GENERAL STORE,Frozen Pizza & Pizza Snacks,Frozen
Shop 2 times at Safeway,SAFEWAY,SAFEWAY,Candy,Snacks
"Any General Mills™ products, spend $30",,ANNIES HOMEGROWN,,
"Ben & Jerry's® Doggie Desserts, 4 count",,BEN AND JERRYS,Frozen Desserts,Frozen
Sol® 6 pack+,,SOL CERVEZA,Beer,Alcohol
"George's Farmers Market Chicken Wings, at Sam's Club",SAMS CLUB,GEORGES FARMERS MARKET,,
"Michael Angelo's® OR Rao's® Frozen Entrees, spend $10",,RAO'S,Sauces & Marinades,Pantry
"Michael Angelo's® OR Rao's® Frozen Entrees, spend $10",,RAO'S,Dry Pasta,Pasta & Noodles
"Michael Angelo's® OR Rao's® Frozen Entrees, spend $10",,RAO'S,Frozen Meals,Frozen
"Michael Angelo's® OR Rao's® Frozen Entrees, spend $10",,RAO'S,Alfredo & White Pasta Sauce,Pasta Sauce
"Michael Angelo's® OR Rao's® Frozen Entrees, spend $10",,RAO'S,Red Pasta Sauce,Pasta Sauce
"Michael Angelo's® OR Rao's® Frozen Entrees, spend $10",,RAO'S,Pasta & Noodles,Pantry
"Michael Angelo's® OR Rao's® Frozen Entrees, spend $10",,RAO'S,Frozen Pizza & Pizza Snacks,Frozen
"Sargento Sliced Cheese, spend $25",,SARGENTO,Cheese,Dairy
"Sargento Sliced Cheese, spend $12",,SARGENTO,Cheese,Dairy
Country Crock® Plant Based Butter at Walmart,WALMART,COUNTRY CROCK PLANT BUTTER,Nut Butters & Jam,Pantry
"Perfect Keto Beauty + Sleep Collagen, online at Amazon",AMAZON,PERFECT KETO,Medicines & Treatments,Health & Wellness
"Perfect Keto Beauty + Sleep Collagen, online at Amazon",AMAZON,PERFECT KETO,Nuts & Seeds,Snacks
"DOVE® chocolate, select varieties",,DOVE CHOCOLATE,Candy,Snacks
Simply Spiked™ 12 pack+,,SIMPLY SPIKED,Malt Beverages,Alcohol
Simply Spiked™ 12 pack+,,SIMPLY SPIKED,"Hard Seltzers, Sodas, Waters, Lemonades & Teas",Alcohol
"Perfect Keto Bars, online at Amazon",AMAZON,PERFECT KETO,Medicines & Treatments,Health & Wellness
"Perfect Keto Bars, online at Amazon",AMAZON,PERFECT KETO,Nuts & Seeds,Snacks
"Gillette Venus ® for Pubic Hair & Skin, spend $20",,GILLETTE VENUS,Hair Removal,Health & Wellness
AleveX™ at Walmart,WALMART,ALEVE,Medicines & Treatments,Health & Wellness
"Envy Apples, pre-packed bags",,ENVY,Sauces & Marinades,Pantry
"Envy Apples, pre-packed bags",,ENVY,Candy,Snacks
"Ben & Jerry's Frozen Sugar Cookie Dough Chunks, 8 ounce",,BEN AND JERRYS,Frozen Desserts,Frozen
"L’Oréal Paris Men Expert hair color, spend $9 at Walmart",WALMART,LOREAL PARIS HAIR COLOR,Hair Care,Health & Wellness
"Reese's Peanut Butter Bar, 6 count, at GIANT OR MARTIN’S",THE GIANT CO,GOOD HUMOR,Frozen Desserts,Frozen
"Reese's Peanut Butter Bar, 6 count, at GIANT OR MARTIN’S",THE GIANT CO,GOOD HUMOR,Dips & Salsa,Snacks
"Magnum Non-Dairy Hazelnut Crunch Ice Cream Bars, 3 count",,MAGNUM ICE CREAM,Frozen Desserts,Frozen
"Butterball, select varieties, spend $10 at Fred Meyer",FRED MEYER,BUTTERBALL,Nut Butters & Jam,Pantry
"Butterball, select varieties, spend $10 at Fred Meyer",FRED MEYER,BUTTERBALL,Frozen Turkey,Frozen Meat
"Thomas'® Bagel Thins®, buy 2",,THOMAS,Bread,Pantry
"Thomas'® Bagel Thins®, buy 2",,THOMAS,Frozen Breakfast,Frozen
"Thomas'® Bagel Thins®, buy 2",,THOMAS,Bakery,Deli & Bakery
Spend $60 at TGI Friday's,TGI FRIDAYS,TGI FRIDAYS,Spirits,Alcohol
Spend $60 at TGI Friday's,TGI FRIDAYS,TGI FRIDAYS,Malt Beverages,Alcohol
"Artesano® buns, buy 2 at Walmart®",WALMART,SARA LEE ARTESANO,Bakery,Deli & Bakery
"Artesano® buns, buy 2 at Walmart®",WALMART,SARA LEE ARTESANO,Bread,Pantry
"STARBURST®, select sizes, buy 1",,STARBURST,Candy,Snacks
"STARBURST®, select sizes, buy 1",,STARBURST,Fruit & Vegetable Snacks,Snacks
"STARBURST®, select sizes, buy 1",,STARBURST,Gum,Candy
Fresh Step® Outstretch® Cat Litter,,FRESH STEP,Medicines & Treatments,Health & Wellness
Fresh Step® Outstretch® Cat Litter,,FRESH STEP,Bakery,Deli & Bakery
Fresh Step® Outstretch® Cat Litter,,FRESH STEP,Makeup,Beauty
Fresh Step® Outstretch® Cat Litter,,FRESH STEP,Bath & Body,Health & Wellness
Fresh Step® Outstretch® Cat Litter,,FRESH STEP,Cooking & Baking,Pantry
Fresh Step® Outstretch® Cat Litter,,FRESH STEP,Hair Care,Health & Wellness
"Sara Lee® or Alfaros® Artesano bread, spend $8",,ALFAROS,Bakery,Deli & Bakery
"Sara Lee® or Alfaros® Artesano bread, spend $8",,ALFAROS,Bread,Pantry
"Back to the Roots Dry Plant Food, 5 pounds, at The Home Depot",THE HOME DEPOT,BACK TO THE ROOTS,Packaged Meals & Sides,Pantry
"Burt's Bees Sensitive Lotions and Creams, select varieties, at Walmart",WALMART,BURTS BEES,Makeup,Beauty
"Burt's Bees Sensitive Lotions and Creams, select varieties, at Walmart",WALMART,BURTS BEES,Skin Care,Health & Wellness
"Burt's Bees Sensitive Lotions and Creams, select varieties, at Walmart",WALMART,BURTS BEES,Hair Removal,Health & Wellness
"Durex® Massage & Play 2 in 1 Pleasure Gel, select varieties, at Walmart or Target",TARGET,DUREX,Medicines & Treatments,Health & Wellness
"Durex® Massage & Play 2 in 1 Pleasure Gel, select varieties, at Walmart or Target",TARGET,DUREX,Sexual Health,Health & Wellness
"Coors Light®, Miller Lite® OR VIZZY™ 12 packs+, buy 4",,VIZZY,"Hard Seltzers, Sodas, Waters, Lemonades & Teas",Alcohol
"Coors Light®, Miller Lite® OR VIZZY™ 12 packs+, buy 4",,VIZZY,Malt Beverages,Alcohol
LIFE SAVERS®,,LIFESAVERS,Candy,Snacks
"Butterball, select varieties, spend $10 at Kroger",KROGER,BUTTERBALL,Nut Butters & Jam,Pantry
"Butterball, select varieties, spend $10 at Kroger",KROGER,BUTTERBALL,Frozen Turkey,Frozen Meat
"RESPAWN® by 5® GUM, at Walmart",WALMART,5 GUM,Gum,Candy
"Back to the Roots Garden Soil, 1 cubic foot, at Lowe's Home Improvement",LOWES HOME IMPROVEMENT,BACK TO THE ROOTS,Packaged Meals & Sides,Pantry
"SiO® Beauty Patches, online at Siobeauty.com",SIOBEAUTY.COM,SIO BEAUTY,,
Wesson® Oil Products,,WESSON,Cooking & Baking,Pantry
"Bubbies Pickles, Sauerkraut, and Condiments at Whole Foods or Sprouts",SPROUTS FARMERS MARKET,BUBBIES,Prepared Meals,Deli & Bakery
Michael Angelo's® Sauce at Walmart,WALMART,MICHAEL ANGELO'S,Frozen Meals,Frozen
Michael Angelo's® Sauce at Walmart,WALMART,MICHAEL ANGELO'S,Sauces & Marinades,Pantry
Spend $155 at Pavilions,PAVILIONS,PAVILIONS,Cooking & Baking,Pantry
CESAR® Wet Dog Food Singles,,CESAR,Cooking & Baking,Pantry
CESAR® Wet Dog Food Singles,,CESAR,Sauces & Marinades,Pantry
CESAR® Wet Dog Food Singles,,CESAR,Dog Supplies,Animals & Pet Supplies
CESAR® Wet Dog Food Singles,,CESAR,Frozen Chicken,Frozen Meat
Spend $90 at ACME,ACME,ACME,Medicines & Treatments,Health & Wellness
"Hidden Valley® Ranch Seasoning Mix Packet, 1 count",,HIDDEN VALLEY RANCH,Dips & Salsa,Snacks
"Hidden Valley® Ranch Seasoning Mix Packet, 1 count",,HIDDEN VALLEY RANCH,Sauces & Marinades,Pantry
"Hidden Valley® Ranch Seasoning Mix Packet, 1 count",,HIDDEN VALLEY RANCH,Cooking & Baking,Pantry
"Sargento® products, select varieties",,SARGENTO,Cheese,Dairy
"Welch's® Fruit Snacks, 250 count, online at Amazon",AMAZON,WELCHS FRUIT SNACKS,Fruit & Vegetable Snacks,Snacks
"Ben & Jerry's®, select varieties",,BEN AND JERRYS,Frozen Desserts,Frozen
Simply Spiked™ Signature Peach 12 pack+,,SIMPLY SPIKED,Malt Beverages,Alcohol
Simply Spiked™ Signature Peach 12 pack+,,SIMPLY SPIKED,"Hard Seltzers, Sodas, Waters, Lemonades & Teas",Alcohol
"Beech-Nut snacks, select varieties",,BEECHNUT,Crackers,Snacks
"Beech-Nut snacks, select varieties",,BEECHNUT,Fruit & Vegetable Snacks,Snacks
"Beech-Nut snacks, select varieties",,BEECHNUT,Nuts & Seeds,Snacks
"Beech-Nut snacks, select varieties",,BEECHNUT,Cookies,Snacks
"Sargento® products, select varieties, buy 3",,SARGENTO,Cheese,Dairy
Spend $250 at ACME,ACME,ACME,Medicines & Treatments,Health & Wellness
Wings OR Cheesy Breadsticks at Casey's,CASEYS GENERAL STORE,CASEYS GENERAL STORE,Cooking & Baking,Pantry
Wings OR Cheesy Breadsticks at Casey's,CASEYS GENERAL STORE,CASEYS GENERAL STORE,Frozen Pizza & Pizza Snacks,Frozen
"Butterball, select varieties, spend $10 at Smith's",SMITHS,BUTTERBALL,Nut Butters & Jam,Pantry
"Butterball, select varieties, spend $10 at Smith's",SMITHS,BUTTERBALL,Frozen Turkey,Frozen Meat
"Perfect Keto Collagen Peptides, online at Amazon",AMAZON,PERFECT KETO,Medicines & Treatments,Health & Wellness
"Perfect Keto Collagen Peptides, online at Amazon",AMAZON,PERFECT KETO,Nuts & Seeds,Snacks
"Perfect Keto MCT Oil Powder, online at Amazon",AMAZON,PERFECT KETO,Medicines & Treatments,Health & Wellness
"Perfect Keto MCT Oil Powder, online at Amazon",AMAZON,PERFECT KETO,Nuts & Seeds,Snacks
Hellmann's® OR Best Foods® AND Sargento® Cheese Slices,,HELLMANNS BEST FOODS,Condiments,Pantry
Hellmann's® OR Best Foods® AND Sargento® Cheese Slices,,HELLMANNS BEST FOODS,Sauces & Marinades,Pantry
Hellmann's® OR Best Foods® AND Sargento® Cheese Slices,,HELLMANNS BEST FOODS,Dressings,Pantry
Brita® Pitcher AND Filter,,BRITA,Water,Beverages
Brita® Pitcher AND Filter,,BRITA,Household Supplies,Household Supplies
Spend $90 at Star Market,STAR MARKET,STAR MARKET,Cooking & Baking,Pantry
"SNICKERS®, select sizes, buy 1",,SNICKERS,Candy,Snacks
"Kodiak® products, select varieties, spend $10",,KODIAK CAKES FLAPJACK & WAFFLE MIX,"Cereal, Granola, & Toaster Pastries",Pantry
Bays® English Muffins,,BAYS,Bread,Pantry
"Super Coffee, 12 ounce single serve, buy 3",,SUPER COFFEE,Coffee,Beverages
"Sara Lee® bread select varieties, buy 2",WALMART,SARA LEE,Bread,Pantry
"Sara Lee® bread select varieties, buy 2",WALMART,SARA LEE,Cheese,Dairy
"Sara Lee® bread select varieties, buy 2",WALMART,SARA LEE,Bakery,Deli & Bakery
"Sara Lee® bread select varieties, buy 2",WALMART,SARA LEE,"Cereal, Granola, & Toaster Pastries",Pantry
"Sara Lee® bread select varieties, buy 2",WALMART,SARA LEE,Frozen Desserts,Frozen
GOYA® Coconut Water,,GOYA,Cooking & Baking,Pantry
GOYA® Coconut Water,,GOYA,Packaged Vegetables,Pantry
GOYA® Coconut Water,,GOYA,Rice & Grains,Pantry
GOYA® Coconut Water,,GOYA,Sauces & Marinades,Pantry
GOYA® Coconut Water,,GOYA,Water,Beverages
GOYA® Coconut Water,,GOYA,Packaged Meat,Pantry
GOYA® Coconut Water,,GOYA,Frozen Vegetables,Frozen
GOYA® Coconut Water,,GOYA,Cookies,Snacks
GOYA® Coconut Water,,GOYA,Dry Pasta,Pasta & Noodles
GOYA® Coconut Water,,GOYA,Bread,Pantry
GOYA® Coconut Water,,GOYA,Frozen Fruits,Frozen
GOYA® Coconut Water,,GOYA,Drink Mixes,Beverages
GOYA® Coconut Water,,GOYA,Soup & Broth,Pantry
GOYA® Coconut Water,,GOYA,Fruit Juices,Beverages
GOYA® Coconut Water,,GOYA,Frozen Meals,Frozen
GOYA® Coconut Water,,GOYA,Frozen Appetizers,Frozen
GOYA® Coconut Water,,GOYA,Pickled Goods,Pantry
GOYA® Coconut Water,,GOYA,Malt Beverages,Alcohol
GOYA® Coconut Water,,GOYA,Dips & Salsa,Snacks
GOYA® Coconut Water,,GOYA,Deli Counter,Deli & Bakery
GOYA® Coconut Water,,GOYA,Milk,Dairy
GOYA® Coconut Water,,GOYA,Pasta & Noodles,Pantry
GOYA® Coconut Water,,GOYA,Frozen Chicken,Frozen Meat
GOYA® Coconut Water,,GOYA,Pudding & Gelatin,Snacks
GOYA® Coconut Water,,GOYA,Carbonated Soft Drinks,Beverages
GOYA® Coconut Water,,GOYA,Frozen Seafood,Frozen Meat
GOYA® Coconut Water,,GOYA,Nut Butters & Jam,Pantry
GOYA® Coconut Water,,GOYA,Packaged Seafood,Pantry
GOYA® Coconut Water,,GOYA,Crackers,Snacks
Spend $35 at TGI Friday's,TGI FRIDAYS,TGI FRIDAYS,Spirits,Alcohol
Spend $35 at TGI Friday's,TGI FRIDAYS,TGI FRIDAYS,Malt Beverages,Alcohol
Spend $110 at Randalls,RANDALLS FOOD MARKETS,RANDALLS,,
"Reese's Chocolate Cones, 8 count at GIANT OR MARTIN’S",GIANT FOOD,KLONDIKE,Frozen Desserts,Frozen
"Reese's Chocolate Cones, 8 count at GIANT OR MARTIN’S",GIANT FOOD,KLONDIKE,Frozen Meals,Frozen
Whole Pizza Pie at Casey's,CASEYS GENERAL STORE,CASEYS GENERAL STORE,Cooking & Baking,Pantry
Whole Pizza Pie at Casey's,CASEYS GENERAL STORE,CASEYS GENERAL STORE,Frozen Pizza & Pizza Snacks,Frozen
Shop 2 times at Star Market,STAR MARKET,STAR MARKET,Cooking & Baking,Pantry
"Hidden Valley® Ranch Seasoning, select varieties",,HIDDEN VALLEY RANCH,Dips & Salsa,Snacks
"Hidden Valley® Ranch Seasoning, select varieties",,HIDDEN VALLEY RANCH,Sauces & Marinades,Pantry
"Hidden Valley® Ranch Seasoning, select varieties",,HIDDEN VALLEY RANCH,Cooking & Baking,Pantry
"General Mills™ products, select varieties, spend $12",,ANNIES HOMEGROWN GROCERY,Cheese,Dairy
"General Mills™ products, select varieties, spend $12",,ANNIES HOMEGROWN GROCERY,Crackers,Snacks
"General Mills™ products, select varieties, spend $12",,ANNIES HOMEGROWN GROCERY,Fruit & Vegetable Snacks,Snacks
"General Mills™ products, select varieties, spend $12",,ANNIES HOMEGROWN GROCERY,Dressings,Pantry
"General Mills™ products, select varieties, spend $12",,ANNIES HOMEGROWN GROCERY,Cooking & Baking,Pantry
"General Mills™ products, select varieties, spend $12",,ANNIES HOMEGROWN GROCERY,Refrigerated Doughs,Dairy
"General Mills™ products, select varieties, spend $12",,ANNIES HOMEGROWN GROCERY,Packaged Vegetables,Pantry
"General Mills™ products, select varieties, spend $12",,ANNIES HOMEGROWN GROCERY,Frozen Meals,Frozen
"General Mills™ products, select varieties, spend $12",,ANNIES HOMEGROWN GROCERY,Chips,Snacks
"General Mills™ products, select varieties, spend $12",,ANNIES HOMEGROWN GROCERY,Frozen Pizza & Pizza Snacks,Frozen
"General Mills™ products, select varieties, spend $12",,ANNIES HOMEGROWN GROCERY,"Cereal, Granola, & Toaster Pastries",Pantry
"General Mills™ products, select varieties, spend $12",,ANNIES HOMEGROWN GROCERY,Bread,Pantry
"General Mills™ products, select varieties, spend $12",,ANNIES HOMEGROWN GROCERY,Frozen Breakfast,Frozen
"General Mills™ products, select varieties, spend $12",,ANNIES HOMEGROWN GROCERY,Cookies,Snacks
"General Mills™ products, select varieties, spend $12",,ANNIES HOMEGROWN GROCERY,Soup & Broth,Pantry
Blue Apron Meal Kits,BLUE APRON,BLUE APRON,Cooking & Baking,Pantry
"Aleve® products, select varieties, 80 count+ at Walmart",WALMART,ALEVE,Medicines & Treatments,Health & Wellness
"Welch's® Juicefuls® Juicy Fruit Snacks, 14 count, at Target",TARGET,WELCHS FRUIT SNACKS,Fruit & Vegetable Snacks,Snacks
"Welch's® Fruit Snacks, select varieties, 6 count+, buy 2",,WELCHS FRUIT SNACKS,Fruit & Vegetable Snacks,Snacks
"Sign up for McAlister's Deli Rewards, tap for details",MCALISTERS DELI,MCALISTERS DELI,Prepared Meals,Deli & Bakery
"Sign up for McAlister's Deli Rewards, tap for details",MCALISTERS DELI,MCALISTERS DELI,Leafy Salads,Deli & Bakery
"Sign up for McAlister's Deli Rewards, tap for details",MCALISTERS DELI,MCALISTERS DELI,Tea,Beverages
"Sign up for McAlister's Deli Rewards, tap for details",MCALISTERS DELI,MCALISTERS DELI,Wine,Alcohol
"Sign up for McAlister's Deli Rewards, tap for details",MCALISTERS DELI,MCALISTERS DELI,Fruit Juices,Beverages
"Sign up for McAlister's Deli Rewards, tap for details",MCALISTERS DELI,MCALISTERS DELI,Cookies,Snacks
"Sign up for McAlister's Deli Rewards, tap for details",MCALISTERS DELI,MCALISTERS DELI,Carbonated Soft Drinks,Beverages
"Sign up for McAlister's Deli Rewards, tap for details",MCALISTERS DELI,MCALISTERS DELI,Cheese,Dairy
"Sign up for McAlister's Deli Rewards, tap for details",MCALISTERS DELI,MCALISTERS DELI,Chips,Snacks
"Sign up for McAlister's Deli Rewards, tap for details",MCALISTERS DELI,MCALISTERS DELI,Water,Beverages
"Sign up for McAlister's Deli Rewards, tap for details",MCALISTERS DELI,MCALISTERS DELI,Milk,Dairy
"Sign up for McAlister's Deli Rewards, tap for details",MCALISTERS DELI,MCALISTERS DELI,Bakery,Deli & Bakery
"Sign up for McAlister's Deli Rewards, tap for details",MCALISTERS DELI,MCALISTERS DELI,Cooking & Baking,Pantry
"Sign up for McAlister's Deli Rewards, tap for details",MCALISTERS DELI,MCALISTERS DELI,Packaged Meals & Sides,Pantry
"Sign up for McAlister's Deli Rewards, tap for details",MCALISTERS DELI,MCALISTERS DELI,Pickled Goods,Pantry
"Sign up for McAlister's Deli Rewards, tap for details",MCALISTERS DELI,MCALISTERS DELI,Soup & Broth,Pantry
"Sign up for McAlister's Deli Rewards, tap for details",MCALISTERS DELI,MCALISTERS DELI,Frozen Chicken,Frozen Meat
"Sign up for McAlister's Deli Rewards, tap for details",MCALISTERS DELI,MCALISTERS DELI,Candy,Snacks
"Sign up for McAlister's Deli Rewards, tap for details",MCALISTERS DELI,MCALISTERS DELI,Dressings,Pantry
"Sign up for McAlister's Deli Rewards, tap for details",MCALISTERS DELI,MCALISTERS DELI,Coffee,Beverages
"Sign up for McAlister's Deli Rewards, tap for details",MCALISTERS DELI,MCALISTERS DELI,Packaged Fruit & Applesauce,Pantry
"Sign up for McAlister's Deli Rewards, tap for details",MCALISTERS DELI,MCALISTERS DELI,Fruit & Vegetable Snacks,Snacks
"Sign up for McAlister's Deli Rewards, tap for details",MCALISTERS DELI,MCALISTERS DELI,Frozen Meals,Frozen
"Sign up for McAlister's Deli Rewards, tap for details",MCALISTERS DELI,MCALISTERS DELI,Sauces & Marinades,Pantry
"Sign up for McAlister's Deli Rewards, tap for details",MCALISTERS DELI,MCALISTERS DELI,Dips & Salsa,Snacks
"Sign up for McAlister's Deli Rewards, tap for details",MCALISTERS DELI,MCALISTERS DELI,Bread,Pantry
"Sign up for McAlister's Deli Rewards, tap for details",MCALISTERS DELI,MCALISTERS DELI,Pasta & Noodles,Pantry
"Sign up for McAlister's Deli Rewards, tap for details",MCALISTERS DELI,MCALISTERS DELI,Frozen Turkey,Frozen Meat
"Arbos Cheese Dip, 12 ounce, buy at Central Market",CENTRAL MARKET,ARBOS,,
L'Oréal Paris Excellence Hair Color at Target,TARGET,LOREAL PARIS HAIR COLOR,Hair Care,Health & Wellness
"Kradle, select varieties, spend $20 at Walmart",WALMART,KRADLE,Cooking & Baking,Pantry
"Kradle, select varieties, spend $20 at Walmart",WALMART,KRADLE,Dog Supplies,Animals & Pet Supplies
Frozen OR Fountain Drink at Casey's,CASEYS GENERAL STORE,CASEYS GENERAL STORE,Cooking & Baking,Pantry
Frozen OR Fountain Drink at Casey's,CASEYS GENERAL STORE,CASEYS GENERAL STORE,Frozen Pizza & Pizza Snacks,Frozen
"Arnold, Brownberry, Oroweat® Keto bread, buy 2",,ARNOLD BROWNBERRY OROWEAT,Bread,Pantry
"Arnold, Brownberry, Oroweat® Keto bread, buy 2",,ARNOLD BROWNBERRY OROWEAT,Prepared Meals,Deli & Bakery
"Arnold, Brownberry, Oroweat® Keto bread, buy 2",,ARNOLD BROWNBERRY OROWEAT,Bakery,Deli & Bakery
Shop 2 times at Shaw's,SHAWS,SHAWS,Cooking & Baking,Pantry
"Welch's®Fruit Snacks, spend $8",,WELCHS FRUIT SNACKS,Fruit & Vegetable Snacks,Snacks
"Children's Astepro® Allergy, 22 count at Dollar General",DOLLAR GENERAL STORE,ASTEPRO,Medicines & Treatments,Health & Wellness
Spend $10 in-store at Casey's,CASEYS GENERAL STORE,CASEYS GENERAL STORE,Cooking & Baking,Pantry
Spend $10 in-store at Casey's,CASEYS GENERAL STORE,CASEYS GENERAL STORE,Frozen Pizza & Pizza Snacks,Frozen
"Fresh bakery item, select varieties, at Casey's",CASEYS GENERAL STORE,CASEYS GENERAL STORE,Cooking & Baking,Pantry
"Fresh bakery item, select varieties, at Casey's",CASEYS GENERAL STORE,CASEYS GENERAL STORE,Frozen Pizza & Pizza Snacks,Frozen
"SNICKERS® chocolate candy bar, select varieties",,SNICKERS,Candy,Snacks
Rao's® Frozen Pizza,,RAO'S,Sauces & Marinades,Pantry
Rao's® Frozen Pizza,,RAO'S,Dry Pasta,Pasta & Noodles
Rao's® Frozen Pizza,,RAO'S,Frozen Meals,Frozen
Rao's® Frozen Pizza,,RAO'S,Alfredo & White Pasta Sauce,Pasta Sauce
Rao's® Frozen Pizza,,RAO'S,Red Pasta Sauce,Pasta Sauce
Rao's® Frozen Pizza,,RAO'S,Pasta & Noodles,Pantry
Rao's® Frozen Pizza,,RAO'S,Frozen Pizza & Pizza Snacks,Frozen
"GATORADE® Fast Twitch®, 12-ounce single serve, buy 2 at Kroger",FRED MEYER,GATORADE,Sports Drinks,Sports Drinks & Enhanced Waters
"GATORADE® Fast Twitch®, 12-ounce single serve, buy 2 at Kroger",FRED MEYER,GATORADE,Medicines & Treatments,Health & Wellness
"GATORADE® Fast Twitch®, 12-ounce single serve, buy 2 at Kroger",FRED MEYER,GATORADE,Meal Replacement Beverages,Beverages
"Bimbo® sweet baked goods, buy 2",,BIMBO,Snack Cakes,Snacks
"Bimbo® sweet baked goods, buy 2",,BIMBO,Bread,Pantry
"Bimbo® sweet baked goods, buy 2",,BIMBO,Bakery,Deli & Bakery
"Bimbo® sweet baked goods, buy 2",,BIMBO,Cookies,Snacks
Any Shaw's receipt,SHAWS,SHAWS,Cooking & Baking,Pantry
"Gorton's, at select retailers",STOP & SHOP,GORTONS,Frozen Seafood,Frozen Meat
"Gorton's, at select retailers",STOP & SHOP,GORTONS,Jerky & Dried Meat,Snacks
"Gorton's, at select retailers",STOP & SHOP,GORTONS,Frozen Meals,Frozen
"Butterball, select varieties, spend $10 at Food 4 Less",FOOD4LESS,BUTTERBALL,Nut Butters & Jam,Pantry
"Butterball, select varieties, spend $10 at Food 4 Less",FOOD4LESS,BUTTERBALL,Frozen Turkey,Frozen Meat
NatuChips® Plantain Chips,,NATUCHIPS,Chips,Snacks
"Beech-Nut pouches, buy 8",,BEECHNUT,Crackers,Snacks
"Beech-Nut pouches, buy 8",,BEECHNUT,Fruit & Vegetable Snacks,Snacks
"Beech-Nut pouches, buy 8",,BEECHNUT,Nuts & Seeds,Snacks
"Beech-Nut pouches, buy 8",,BEECHNUT,Cookies,Snacks
Spend $45 at Zaxby's,ZAXBYS,ZAXBYS,,
"Back to the Roots Raised Bed Gardening Kit with Soil, Seeds and Plant Food, at Target",TARGET,BACK TO THE ROOTS,Packaged Meals & Sides,Pantry
"Ben & Jerry's®, select varieties, spend $12",,BEN AND JERRYS,Frozen Desserts,Frozen
Any ACME receipt,ACME,ACME,Medicines & Treatments,Health & Wellness
Spend $220 at Tom Thumb,TOM THUMB,TOM THUMB,,
"Promised Land Dairy Milk, 52-ounce",,PROMISED LAND DAIRY,Milk,Dairy
"Welch's® Fruit 'n Yogurt® Snacks, 18 count, at Walmart",WALMART,WELCHS FRUIT SNACKS,Fruit & Vegetable Snacks,Snacks
Hidden Valley® Ranch Seasoning Shaker,,HIDDEN VALLEY RANCH,Dips & Salsa,Snacks
Hidden Valley® Ranch Seasoning Shaker,,HIDDEN VALLEY RANCH,Sauces & Marinades,Pantry
Hidden Valley® Ranch Seasoning Shaker,,HIDDEN VALLEY RANCH,Cooking & Baking,Pantry
"CORE® Hydration, select varieties, at Walmart",WALMART,CORE HYDRATION,Water,Beverages
When you join Costco as a Gold Star Member* (New Members Only),COSTCO,COSTCO,,
Whole pizza at Casey's,CASEYS GENERAL STORE,CASEYS GENERAL STORE,Cooking & Baking,Pantry
Whole pizza at Casey's,CASEYS GENERAL STORE,CASEYS GENERAL STORE,Frozen Pizza & Pizza Snacks,Frozen
Spend $40 at Farmer Boys,FARMER BOYS,FARMER BOYS,,
"Colgate® Toothpaste AND Colgate® Toothbrush, select varieties at Walmart or Target",TARGET,COLGATE TOOTHBRUSHES,Oral Care,Health & Wellness
"L'Oréal Paris Hair color, select varieties, spend $25 at Target",TARGET,LOREAL PARIS HAIR COLOR,Hair Care,Health & Wellness
"TWIX®, select varieties",,TWIX,Candy,Snacks
"TWIX®, select varieties",,TWIX,Cookies,Snacks
Spend $15 at KFC,KFC,KFC,,
Spend $275 at Vons,VONS,VONS,Spirits,Alcohol
"EXTRA®, select varieties",,EXTRA,Gum,Candy
"Ben & Jerry's® Doggie Desserts, 4 ounce, buy 2",,BEN AND JERRYS,Frozen Desserts,Frozen
"Klondike Cones, spend $10 at Walmart ",WALMART,KLONDIKE,Frozen Desserts,Frozen
"Klondike Cones, spend $10 at Walmart ",WALMART,KLONDIKE,Frozen Meals,Frozen
"Reese's Peanut Butter Bar, 6 count, at GIANT OR MARTIN’S",MARTINS FOODS,GOOD HUMOR,Frozen Desserts,Frozen
"Reese's Peanut Butter Bar, 6 count, at GIANT OR MARTIN’S",MARTINS FOODS,GOOD HUMOR,Dips & Salsa,Snacks
"Beyond Steak™ Plant-Based seared tips, 10 ounce at H-E-B",H-E-B,BEYOND MEAT,Plant-Based Meat,Meat & Seafood
"Beyond Steak™ Plant-Based seared tips, 10 ounce at H-E-B",H-E-B,BEYOND MEAT,Frozen Plant-Based Meat,Frozen
"Beyond Steak™ Plant-Based seared tips, 10 ounce at H-E-B",H-E-B,BEYOND MEAT,Packaged Meat,Pantry
"Kradle, select products, online at Chewy.com",CHEWY,KRADLE,Cooking & Baking,Pantry
"Kradle, select products, online at Chewy.com",CHEWY,KRADLE,Dog Supplies,Animals & Pet Supplies
Spend $120 at Star Market,STAR MARKET,STAR MARKET,Cooking & Baking,Pantry
Shop 2 times at Vons,VONS,VONS,Spirits,Alcohol
Wonderworks™ Keto* Friendly Cereal,,WONDERWORKS,"Cereal, Granola, & Toaster Pastries",Pantry
"MTN DEW® Kickstart, 16-ounce 12 count, select varieties, at Amazon Storefront*",AMAZON,MOUNTAIN DEW,Carbonated Soft Drinks,Beverages
When you join Costco as an Executive Member* (New Members Only),COSTCO,COSTCO,,
"Adult Astepro® Allergy, 22 count at Dollar General",DOLLAR GENERAL STORE,ASTEPRO,Medicines & Treatments,Health & Wellness
Shop 2 times at Pavilions,PAVILIONS,PAVILIONS,Cooking & Baking,Pantry
"SKITTLES®, select varieties",,SKITTLES,Candy,Snacks
"SKITTLES®, select varieties",,SKITTLES,Fruit Juices,Beverages
"Stubborn Soda OR Bundaberg Ginger Beer, select varieties, at Amazon Storefront*",AMAZON,STUBBORN SODA,Carbonated Soft Drinks,Beverages
"BallPark® buns, buy 2",,BALL PARK POP UPS,Bread,Pantry
"BallPark® buns, buy 2",,BALL PARK POP UPS,Bakery,Deli & Bakery
12 Pack OR 2 Liter AND Whole Pizza at Casey's,CASEYS GENERAL STORE,CASEYS GENERAL STORE,Cooking & Baking,Pantry
12 Pack OR 2 Liter AND Whole Pizza at Casey's,CASEYS GENERAL STORE,CASEYS GENERAL STORE,Frozen Pizza & Pizza Snacks,Frozen
Spend $220 at Star Market,STAR MARKET,STAR MARKET,Cooking & Baking,Pantry
Frozen OR Fountain Drink at Casey's ,CASEYS GENERAL STORE,CASEYS GENERAL STORE,Cooking & Baking,Pantry
Frozen OR Fountain Drink at Casey's ,CASEYS GENERAL STORE,CASEYS GENERAL STORE,Frozen Pizza & Pizza Snacks,Frozen
Spend $45 at TGI Friday's,TGI FRIDAYS,TGI FRIDAYS,Spirits,Alcohol
Spend $45 at TGI Friday's,TGI FRIDAYS,TGI FRIDAYS,Malt Beverages,Alcohol
Visit OR order online from Casey's 3 times,CASEYS GENERAL STORE,CASEYS GENERAL STORE,Cooking & Baking,Pantry
Visit OR order online from Casey's 3 times,CASEYS GENERAL STORE,CASEYS GENERAL STORE,Frozen Pizza & Pizza Snacks,Frozen
Spend $210 at Randalls,RANDALLS FOOD MARKETS,RANDALLS,,
Visit OR order online from Casey's 5 times,CASEYS GENERAL STORE,CASEYS GENERAL STORE,Cooking & Baking,Pantry
Visit OR order online from Casey's 5 times,CASEYS GENERAL STORE,CASEYS GENERAL STORE,Frozen Pizza & Pizza Snacks,Frozen
Any Tom Thumb receipt,TOM THUMB,TOM THUMB,,
"Butterball, select varieties, spend $10 at Fry's Food Store",FRYS FOOD STORE,BUTTERBALL,Nut Butters & Jam,Pantry
"Butterball, select varieties, spend $10 at Fry's Food Store",FRYS FOOD STORE,BUTTERBALL,Frozen Turkey,Frozen Meat
"ORBIT®, select sizes, buy 1",,ORBIT,Gum,Candy
12 pack OR 2 liter AND Whole Pizza at Casey's,CASEYS GENERAL STORE,CASEYS GENERAL STORE,Cooking & Baking,Pantry
12 pack OR 2 liter AND Whole Pizza at Casey's,CASEYS GENERAL STORE,CASEYS GENERAL STORE,Frozen Pizza & Pizza Snacks,Frozen
"Molson Coors®, select varieties, 12 Pack+, buy 2",,TOPO CHICO HARD SELTZER,"Hard Seltzers, Sodas, Waters, Lemonades & Teas",Alcohol
"Thomas'®, select varieties, spend $10",,THOMAS,Bread,Pantry
"Thomas'®, select varieties, spend $10",,THOMAS,Frozen Breakfast,Frozen
"Thomas'®, select varieties, spend $10",,THOMAS,Bakery,Deli & Bakery
"Beyond Steak™ Plant-Based seared tips, 10 ounce, buy 2 at Target",TARGET,BEYOND MEAT,Plant-Based Meat,Meat & Seafood
"Beyond Steak™ Plant-Based seared tips, 10 ounce, buy 2 at Target",TARGET,BEYOND MEAT,Frozen Plant-Based Meat,Frozen
"Beyond Steak™ Plant-Based seared tips, 10 ounce, buy 2 at Target",TARGET,BEYOND MEAT,Packaged Meat,Pantry
Whole Pizza at Casey's ,CASEYS GENERAL STORE,CASEYS GENERAL STORE,Cooking & Baking,Pantry
Whole Pizza at Casey's ,CASEYS GENERAL STORE,CASEYS GENERAL STORE,Frozen Pizza & Pizza Snacks,Frozen
"EXTRA®, select sizes",,EXTRA,Gum,Candy
Gorton's at select retailers,STOP & SHOP,GORTONS,Frozen Seafood,Frozen Meat
Gorton's at select retailers,STOP & SHOP,GORTONS,Jerky & Dried Meat,Snacks
Gorton's at select retailers,STOP & SHOP,GORTONS,Frozen Meals,Frozen
Brita® Standard OR Elite Filters,,BRITA,Water,Beverages
Brita® Standard OR Elite Filters,,BRITA,Household Supplies,Household Supplies
Spend $300 at Shaws,SHAWS,SHAWS,Cooking & Baking,Pantry
Spend $50 at Fresh Thyme Market,FRESH THYME MARKET,FRESH THYME MARKET,,
"Starry™ Lemon Lime Soda multipacks, at Kroger",DILLONS GROCERY,STARRY,Carbonated Soft Drinks,Beverages
"Barilla® pasta, select varieties, buy 3",,BARILLA,Dry Pasta,Pasta & Noodles
"Barilla® pasta, select varieties, buy 3",,BARILLA,Chips,Snacks
"Barilla® pasta, select varieties, buy 3",,BARILLA,Red Pasta Sauce,Pasta Sauce
"Barilla® pasta, select varieties, buy 3",,BARILLA,Pesto Sauce,Pasta Sauce
"Fresh Bakery Products at Casey's, select varieties",CASEYS GENERAL STORE,CASEYS GENERAL STORE,Cooking & Baking,Pantry
"Fresh Bakery Products at Casey's, select varieties",CASEYS GENERAL STORE,CASEYS GENERAL STORE,Frozen Pizza & Pizza Snacks,Frozen
"Coors Light®, Miller Lite® OR VIZZY™ 12 packs+, buy 2",,VIZZY,"Hard Seltzers, Sodas, Waters, Lemonades & Teas",Alcohol
"Coors Light®, Miller Lite® OR VIZZY™ 12 packs+, buy 2",,VIZZY,Malt Beverages,Alcohol
"Kradle, select varieties, online at Amazon",AMAZON,KRADLE,Cooking & Baking,Pantry
"Kradle, select varieties, online at Amazon",AMAZON,KRADLE,Dog Supplies,Animals & Pet Supplies
"Starry™ Lemon Lime Soda, 7.5-ounce 10 pack, at Amazon Storefront*",AMAZON,STARRY,Carbonated Soft Drinks,Beverages
"EVOLVE® Plant-Based Protein Shake, 4 count, select varieties, at Whole Foods",WHOLE FOODS MARKET,EVOLVE,Carbonated Soft Drinks,Beverages
"EVOLVE® Plant-Based Protein Shake, 4 count, select varieties, at Whole Foods",WHOLE FOODS MARKET,EVOLVE,Meal Replacement Beverages,Beverages
"EVOLVE® Plant-Based Protein Shake, 4 count, select varieties, at Whole Foods",WHOLE FOODS MARKET,EVOLVE,Frozen Turkey,Frozen Meat
"Burt's Bee's® Facial Wipes, select varieties, 30 count at Walmart",WALMART,BURTS BEES,Makeup,Beauty
"Burt's Bee's® Facial Wipes, select varieties, 30 count at Walmart",WALMART,BURTS BEES,Skin Care,Health & Wellness
"Burt's Bee's® Facial Wipes, select varieties, 30 count at Walmart",WALMART,BURTS BEES,Hair Removal,Health & Wellness
"Aleve® products AND AleveX™, select varieties, at Walmart",WALMART,ALEVE,Medicines & Treatments,Health & Wellness
"Beyond Meat® Plant-Based products, spend $15",,BEYOND MEAT,Plant-Based Meat,Meat & Seafood
"Beyond Meat® Plant-Based products, spend $15",,BEYOND MEAT,Frozen Plant-Based Meat,Frozen
"Beyond Meat® Plant-Based products, spend $15",,BEYOND MEAT,Packaged Meat,Pantry
"GOYA® Adobo Seasoning, 8 ounce+",,GOYA,Cooking & Baking,Pantry
"GOYA® Adobo Seasoning, 8 ounce+",,GOYA,Packaged Vegetables,Pantry
"GOYA® Adobo Seasoning, 8 ounce+",,GOYA,Rice & Grains,Pantry
"GOYA® Adobo Seasoning, 8 ounce+",,GOYA,Sauces & Marinades,Pantry
"GOYA® Adobo Seasoning, 8 ounce+",,GOYA,Water,Beverages
"GOYA® Adobo Seasoning, 8 ounce+",,GOYA,Packaged Meat,Pantry
"GOYA® Adobo Seasoning, 8 ounce+",,GOYA,Frozen Vegetables,Frozen
"GOYA® Adobo Seasoning, 8 ounce+",,GOYA,Cookies,Snacks
"GOYA® Adobo Seasoning, 8 ounce+",,GOYA,Dry Pasta,Pasta & Noodles
"GOYA® Adobo Seasoning, 8 ounce+",,GOYA,Bread,Pantry
"GOYA® Adobo Seasoning, 8 ounce+",,GOYA,Frozen Fruits,Frozen
"GOYA® Adobo Seasoning, 8 ounce+",,GOYA,Drink Mixes,Beverages
"GOYA® Adobo Seasoning, 8 ounce+",,GOYA,Soup & Broth,Pantry
"GOYA® Adobo Seasoning, 8 ounce+",,GOYA,Fruit Juices,Beverages
"GOYA® Adobo Seasoning, 8 ounce+",,GOYA,Frozen Meals,Frozen
"GOYA® Adobo Seasoning, 8 ounce+",,GOYA,Frozen Appetizers,Frozen
"GOYA® Adobo Seasoning, 8 ounce+",,GOYA,Pickled Goods,Pantry
"GOYA® Adobo Seasoning, 8 ounce+",,GOYA,Malt Beverages,Alcohol
"GOYA® Adobo Seasoning, 8 ounce+",,GOYA,Dips & Salsa,Snacks
"GOYA® Adobo Seasoning, 8 ounce+",,GOYA,Deli Counter,Deli & Bakery
"GOYA® Adobo Seasoning, 8 ounce+",,GOYA,Milk,Dairy
"GOYA® Adobo Seasoning, 8 ounce+",,GOYA,Pasta & Noodles,Pantry
"GOYA® Adobo Seasoning, 8 ounce+",,GOYA,Frozen Chicken,Frozen Meat
"GOYA® Adobo Seasoning, 8 ounce+",,GOYA,Pudding & Gelatin,Snacks
"GOYA® Adobo Seasoning, 8 ounce+",,GOYA,Carbonated Soft Drinks,Beverages
"GOYA® Adobo Seasoning, 8 ounce+",,GOYA,Frozen Seafood,Frozen Meat
"GOYA® Adobo Seasoning, 8 ounce+",,GOYA,Nut Butters & Jam,Pantry
"GOYA® Adobo Seasoning, 8 ounce+",,GOYA,Packaged Seafood,Pantry
"GOYA® Adobo Seasoning, 8 ounce+",,GOYA,Crackers,Snacks
"Tyson Products, select varieties, spend $15 at Walmart",WALMART,AIDELLS,Packaged Meat,Pantry
Spend $210 at Safeway,SAFEWAY,SAFEWAY,Candy,Snacks
Klondike Cones at Walmart ,WALMART,KLONDIKE,Frozen Desserts,Frozen
Klondike Cones at Walmart ,WALMART,KLONDIKE,Frozen Meals,Frozen
Spend $110 at Albertsons,ALBERTSONS,ALBERTSONS,Candy,Snacks
"Bubbies Pickles, Sauerkraut, OR Condiments at Whole Foods or Sprouts",SPROUTS FARMERS MARKET,BUBBIES,Prepared Meals,Deli & Bakery
"Sara Lee® or Alfaros® Artesano bread, buy 2",,ALFAROS,Bakery,Deli & Bakery
"Sara Lee® or Alfaros® Artesano bread, buy 2",,ALFAROS,Bread,Pantry
"Beyond Meat® Plant-Based products, spend $20",,BEYOND MEAT,Plant-Based Meat,Meat & Seafood
"Beyond Meat® Plant-Based products, spend $20",,BEYOND MEAT,Frozen Plant-Based Meat,Frozen
"Beyond Meat® Plant-Based products, spend $20",,BEYOND MEAT,Packaged Meat,Pantry
Spend $10 on Casey's branded packaged products,CASEYS GENERAL STORE,CASEYS GENERAL STORE,Cooking & Baking,Pantry
Spend $10 on Casey's branded packaged products,CASEYS GENERAL STORE,CASEYS GENERAL STORE,Frozen Pizza & Pizza Snacks,Frozen
Any Randalls receipt,RANDALLS FOOD MARKETS,RANDALLS,,
"Arber, at Target",TARGET,ARBER,,
"Häagen-Dazs®, 28 ounce, at GROCERY* stores",,HAAGEN DAZS,Frozen Desserts,Frozen
Spend $130 at ACME,ACME,ACME,Medicines & Treatments,Health & Wellness
"Spend $110 on a Full-Priced new Plus Membership and receive an ADDITIONAL 10,000 points",SAMS CLUB,SAMS CLUB,,
"Butterball, select varieties, spend $10 at QFC",QFC,BUTTERBALL,Nut Butters & Jam,Pantry
"Butterball, select varieties, spend $10 at QFC",QFC,BUTTERBALL,Frozen Turkey,Frozen Meat
Spend $100 at Pavilions,PAVILIONS,PAVILIONS,Cooking & Baking,Pantry
"Glad® Trash Bags, 4 OR 8 Gallon",,GLAD,Household Supplies,Household Supplies
"Glad® Trash Bags, 4 OR 8 Gallon",,GLAD,Prepared Meals,Deli & Bakery
"Glad® Trash Bags, 4 OR 8 Gallon",,GLAD,Crackers,Snacks
"Glad® Trash Bags, 4 OR 8 Gallon",,GLAD,Food Storage,Household Supplies
Tostitos® Toppers™,,TOSTITOS,Chips,Snacks
Tostitos® Toppers™,,TOSTITOS,Dips & Salsa,Snacks
Tostitos® Toppers™,,TOSTITOS,Sauces & Marinades,Pantry
:ratio™ KETO* Friendly Cereal OR Granola,,RATIO,Yogurt,Dairy
:ratio™ KETO* Friendly Cereal OR Granola,,RATIO,"Cereal, Granola, & Toaster Pastries",Pantry
:ratio™ KETO* Friendly Cereal OR Granola,,RATIO,Nuts & Seeds,Snacks
"Burt's Bees® products, select varieties, at Walmart",WALMART,BURTS BEES,Makeup,Beauty
"Burt's Bees® products, select varieties, at Walmart",WALMART,BURTS BEES,Skin Care,Health & Wellness
"Burt's Bees® products, select varieties, at Walmart",WALMART,BURTS BEES,Hair Removal,Health & Wellness
"Bio-Oil® products, select varieties",,BIO OIL,Skin Care,Health & Wellness
"Bio-Oil® products, select varieties",,BIO OIL,Cooking & Baking,Pantry
"André® California, Champagne OR Sparkling Wines, 750mL bottle",,ANDRE,Wine,Alcohol
Spend $20 at Farmer Boys,FARMER BOYS,FARMER BOYS,,
"Any General Mills™ products, spend $50",,ANNIES HOMEGROWN,,
Chosen Foods® Dressings,,CHOSEN FOODS,Cooking & Baking,Pantry
Chosen Foods® Dressings,,CHOSEN FOODS,Dips & Salsa,Snacks
Chosen Foods® Dressings,,CHOSEN FOODS,Dressings,Pantry
Chosen Foods® Dressings,,CHOSEN FOODS,Condiments,Pantry
Spend $30 at Dickey's Barbecue Pit,DICKEYS BARBECUE PIT,DICKEYS BARBECUE PIT,,
Degree for Men OR Women Dry Spray,,DEGREE,Deodorant & Antiperspirant,Health & Wellness
"Coors Light®, Miller Lite® OR VIZZY™ 12 packs+, buy 3",,VIZZY,"Hard Seltzers, Sodas, Waters, Lemonades & Teas",Alcohol
"Coors Light®, Miller Lite® OR VIZZY™ 12 packs+, buy 3",,VIZZY,Malt Beverages,Alcohol
Back to the Roots Microgreens Grow Kit OR Seed Refill at Walmart,WALMART,BACK TO THE ROOTS,Packaged Meals & Sides,Pantry
Spend $40 at KFC,KFC,KFC,,
"Bai® Antioxidant, 6 pack, at Walmart",WALMART,BAI,Fruit Juices,Beverages
"Bai® Antioxidant, 6 pack, at Walmart",WALMART,BAI,Water,Beverages
"Bai® Antioxidant, 6 pack, at Walmart",WALMART,BAI,Drink Mixes,Beverages
"Bai® Antioxidant, 6 pack, at Walmart",WALMART,BAI,Tea,Beverages
Spend $20 at Dickey's Barbecue Pit,DICKEYS BARBECUE PIT,DICKEYS BARBECUE PIT,,
Spend $25 at TGI Friday's,TGI FRIDAYS,TGI FRIDAYS,Spirits,Alcohol
Spend $25 at TGI Friday's,TGI FRIDAYS,TGI FRIDAYS,Malt Beverages,Alcohol
"L'Oréal Paris Hair color, select varieties, spend $9 at Target",TARGET,LOREAL PARIS HAIR COLOR,Hair Care,Health & Wellness
"Sargento Sliced Cheese, spend $18",,SARGENTO,Cheese,Dairy
"SKITTLES®, select sizes",,SKITTLES,Candy,Snacks
"SKITTLES®, select sizes",,SKITTLES,Fruit Juices,Beverages
"LIFESAVERS®, any size, buy 1",,LIFESAVERS,Candy,Snacks
"L'Oréal Paris Makeup, spend $30 at Target",TARGET,LOREAL PARIS COSMETICS,Makeup,Beauty
Spend $115 at Tom Thumb,TOM THUMB,TOM THUMB,,
Any Randalls receipt,RANDALLS,RANDALLS,,
Spend $75 at Randalls,RANDALLS,RANDALLS,,
Shop 2 times at Randalls,RANDALLS FOOD MARKETS,RANDALLS,,
"GATORADE® Fast Twitch®, 12-ounce single serve",,GATORADE,Sports Drinks,Sports Drinks & Enhanced Waters
"GATORADE® Fast Twitch®, 12-ounce single serve",,GATORADE,Medicines & Treatments,Health & Wellness
"GATORADE® Fast Twitch®, 12-ounce single serve",,GATORADE,Meal Replacement Beverages,Beverages
Spend $10 at Nekter,NEKTER JUICE BAR,NEKTER,,
"Brownie Brittle® Snacks, select varieties, buy 2",,BROWNIE BRITTLE,Bakery,Deli & Bakery
"Brownie Brittle® Snacks, select varieties, buy 2",,BROWNIE BRITTLE,Cookies,Snacks
Cheerios™ Oat Crunch Berry Cereal,,CHEERIOS,"Cereal, Granola, & Toaster Pastries",Pantry
Glad® ForceFlex Max Strength Trash Bags,,GLAD,Household Supplies,Household Supplies
Glad® ForceFlex Max Strength Trash Bags,,GLAD,Prepared Meals,Deli & Bakery
Glad® ForceFlex Max Strength Trash Bags,,GLAD,Crackers,Snacks
Glad® ForceFlex Max Strength Trash Bags,,GLAD,Food Storage,Household Supplies
"GATORADE® Fast Twitch®, 12-ounce single serve, at Kroger",DILLONS GROCERY,GATORADE,Sports Drinks,Sports Drinks & Enhanced Waters
"GATORADE® Fast Twitch®, 12-ounce single serve, at Kroger",DILLONS GROCERY,GATORADE,Medicines & Treatments,Health & Wellness
"GATORADE® Fast Twitch®, 12-ounce single serve, at Kroger",DILLONS GROCERY,GATORADE,Meal Replacement Beverages,Beverages
Spend $10 at CVS,CVS,CVS,Medicines & Treatments,Health & Wellness
Spend $10 at CVS,CVS,CVS,Fruit Juices,Beverages
Spend $10 at CVS,CVS,CVS,Cooking & Baking,Pantry
Spend $10 at CVS,CVS,CVS,Skin Care,Health & Wellness
"OxiClean™ Laundry Stain Removers, select varieties at Walmart",WALMART,OXICLEAN,,
Country Crock® Plant Based Cream at Walmart,WALMART,COUNTRY CROCK PLANT BUTTER,Nut Butters & Jam,Pantry
2 Pack OR 2 Liter AND Whole Pizza at Casey's,CASEYS GENERAL STORE,CASEYS GENERAL STORE,Cooking & Baking,Pantry
2 Pack OR 2 Liter AND Whole Pizza at Casey's,CASEYS GENERAL STORE,CASEYS GENERAL STORE,Frozen Pizza & Pizza Snacks,Frozen
Arnold® Grains Almighty,,ARNOLD BROWNBERRY OROWEAT,Bread,Pantry
Arnold® Grains Almighty,,ARNOLD BROWNBERRY OROWEAT,Prepared Meals,Deli & Bakery
Arnold® Grains Almighty,,ARNOLD BROWNBERRY OROWEAT,Bakery,Deli & Bakery
"Snuggle® Liquid Fabric Softener, at Walmart",WALMART,SNUGGLE,Household Supplies,Household Supplies
"Hidden Valley® Ranch Night Seasoning Mix, 1 count",,HIDDEN VALLEY RANCH,Dips & Salsa,Snacks
"Hidden Valley® Ranch Night Seasoning Mix, 1 count",,HIDDEN VALLEY RANCH,Sauces & Marinades,Pantry
"Hidden Valley® Ranch Night Seasoning Mix, 1 count",,HIDDEN VALLEY RANCH,Cooking & Baking,Pantry
"Kradle, select varieties, at Pet Supplies Plus",PET SUPPLIES PLUS,KRADLE,Cooking & Baking,Pantry
"Kradle, select varieties, at Pet Supplies Plus",PET SUPPLIES PLUS,KRADLE,Dog Supplies,Animals & Pet Supplies
"Back to the Roots Soils, select varieties and sizes, at Lowes",LOWES HOME IMPROVEMENT,BACK TO THE ROOTS,Packaged Meals & Sides,Pantry
"Butterball, select varieties, spend $10 at Mariano's",MARIANOS,BUTTERBALL,Nut Butters & Jam,Pantry
"Butterball, select varieties, spend $10 at Mariano's",MARIANOS,BUTTERBALL,Frozen Turkey,Frozen Meat
"CORE® Hydration, select varieties, buy 2 at Walmart",WALMART,CORE HYDRATION,Water,Beverages
Spend $40 at Dickey's Barbecue Pit,DICKEYS BARBECUE PIT,DICKEYS BARBECUE PIT,,
"General Mills™ snacks, select brands, spend $10",,BUGLES,Chips,Snacks
"Back to the Roots Soils, select varieties, at Walmart or Lowes",LOWES HOME IMPROVEMENT,BACK TO THE ROOTS,Packaged Meals & Sides,Pantry
"Barilla® pasta, select varieties, buy 4",,BARILLA,Dry Pasta,Pasta & Noodles
"Barilla® pasta, select varieties, buy 4",,BARILLA,Chips,Snacks
"Barilla® pasta, select varieties, buy 4",,BARILLA,Red Pasta Sauce,Pasta Sauce
"Barilla® pasta, select varieties, buy 4",,BARILLA,Pesto Sauce,Pasta Sauce
"GATORLYTE® OR GATORADE™ Fit Single Serve Bottle, select varieties",,GATORADE,Sports Drinks,Sports Drinks & Enhanced Waters
"GATORLYTE® OR GATORADE™ Fit Single Serve Bottle, select varieties",,GATORADE,Medicines & Treatments,Health & Wellness
"GATORLYTE® OR GATORADE™ Fit Single Serve Bottle, select varieties",,GATORADE,Meal Replacement Beverages,Beverages
"Burt's Bees® Sensitive Lotions and Creams, select varieties, at Walmart",WALMART,BURTS BEES,Makeup,Beauty
"Burt's Bees® Sensitive Lotions and Creams, select varieties, at Walmart",WALMART,BURTS BEES,Skin Care,Health & Wellness
"Burt's Bees® Sensitive Lotions and Creams, select varieties, at Walmart",WALMART,BURTS BEES,Hair Removal,Health & Wellness
"Arber, at Walmart",WALMART,ARBER,,
"Coors Light®, Miller Lite® OR VIZZY™ 12 packs+, buy 5",,VIZZY,"Hard Seltzers, Sodas, Waters, Lemonades & Teas",Alcohol
"Coors Light®, Miller Lite® OR VIZZY™ 12 packs+, buy 5",,VIZZY,Malt Beverages,Alcohol
Any Pavilions receipt,PAVILIONS,PAVILIONS,Cooking & Baking,Pantry
Back to the Roots Grow Kits at Walmart or The Home Depot,WALMART,BACK TO THE ROOTS,Packaged Meals & Sides,Pantry
Any Safeway receipt,SAFEWAY,SAFEWAY,Candy,Snacks
"Welch's® Fruit Snacks, select varieties, 6 count+",,WELCHS FRUIT SNACKS,Fruit & Vegetable Snacks,Snacks
Back to the Roots Grow Hydroponic Grow Kit OR Refill Bundle at Walmart,WALMART,BACK TO THE ROOTS,Packaged Meals & Sides,Pantry
"Ben & Jerry's Wake & No Bake Cookie Dough Ice Cream, 16 ounce",,BEN AND JERRYS,Frozen Desserts,Frozen
"ORBIT®, select varieties",,ORBIT,Gum,Candy
"GATORADE® Fast Twitch®, 12-ounce single serve, buy 2 at Kroger",FOOD4LESS,GATORADE,Sports Drinks,Sports Drinks & Enhanced Waters
"GATORADE® Fast Twitch®, 12-ounce single serve, buy 2 at Kroger",FOOD4LESS,GATORADE,Medicines & Treatments,Health & Wellness
"GATORADE® Fast Twitch®, 12-ounce single serve, buy 2 at Kroger",FOOD4LESS,GATORADE,Meal Replacement Beverages,Beverages
"Butterball, select varieties, spend $10 at Pick 'n Save OR Metro Market",PICK N SAVE,BUTTERBALL,Nut Butters & Jam,Pantry
"Butterball, select varieties, spend $10 at Pick 'n Save OR Metro Market",PICK N SAVE,BUTTERBALL,Frozen Turkey,Frozen Meat
Hellmann's | Best Foods Vegan Dressing or Spread,,HELLMANNS BEST FOODS,Condiments,Pantry
Hellmann's | Best Foods Vegan Dressing or Spread,,HELLMANNS BEST FOODS,Sauces & Marinades,Pantry
Hellmann's | Best Foods Vegan Dressing or Spread,,HELLMANNS BEST FOODS,Dressings,Pantry
"Rao's®, Pasta OR Sauce, spend $10",,RAO'S,Sauces & Marinades,Pantry
"Rao's®, Pasta OR Sauce, spend $10",,RAO'S,Dry Pasta,Pasta & Noodles
"Rao's®, Pasta OR Sauce, spend $10",,RAO'S,Frozen Meals,Frozen
"Rao's®, Pasta OR Sauce, spend $10",,RAO'S,Alfredo & White Pasta Sauce,Pasta Sauce
"Rao's®, Pasta OR Sauce, spend $10",,RAO'S,Red Pasta Sauce,Pasta Sauce
"Rao's®, Pasta OR Sauce, spend $10",,RAO'S,Pasta & Noodles,Pantry
"Rao's®, Pasta OR Sauce, spend $10",,RAO'S,Frozen Pizza & Pizza Snacks,Frozen
L'Oreal Paris True Match Foundation at Target,TARGET,LOREAL PARIS COSMETICS,Makeup,Beauty
"Sara Lee® or Alfaros® Artesano bread, spend $20",,ALFAROS,Bakery,Deli & Bakery
"Sara Lee® or Alfaros® Artesano bread, spend $20",,ALFAROS,Bread,Pantry
Spend $220 at Albertsons,ALBERTSONS,ALBERTSONS,Candy,Snacks
"Perfect Keto Super Reds, online at Amazon",AMAZON,PERFECT KETO,Medicines & Treatments,Health & Wellness
"Perfect Keto Super Reds, online at Amazon",AMAZON,PERFECT KETO,Nuts & Seeds,Snacks
The Rustik Oven® bread,,RUSTIK OVEN,Bread,Pantry
Gorton's at select retailers,WALMART,GORTONS,Frozen Seafood,Frozen Meat
Gorton's at select retailers,WALMART,GORTONS,Jerky & Dried Meat,Snacks
Gorton's at select retailers,WALMART,GORTONS,Frozen Meals,Frozen
"Back to the Roots Seeds, at Walmart",WALMART,BACK TO THE ROOTS,Packaged Meals & Sides,Pantry
Nature Valley™ Protein Granola,,NATURE VALLEY,Nuts & Seeds,Snacks
Nature Valley™ Protein Granola,,NATURE VALLEY,Crackers,Snacks
Nature Valley™ Protein Granola,,NATURE VALLEY,Nut Butters & Jam,Pantry
Nature Valley™ Protein Granola,,NATURE VALLEY,Cookies,Snacks
Nature Valley™ Protein Granola,,NATURE VALLEY,Candy,Snacks
Nature Valley™ Protein Granola,,NATURE VALLEY,"Cereal, Granola, & Toaster Pastries",Pantry
Nature Valley™ Protein Granola,,NATURE VALLEY,Dips & Salsa,Snacks
Nature Valley™ Protein Granola,,NATURE VALLEY,Trail Mix,Snacks
Nature Valley™ Protein Granola,,NATURE VALLEY,Fruit & Vegetable Snacks,Snacks
Nature Valley™ Protein Granola,,NATURE VALLEY,Chips,Snacks
Brita® Pitcher OR Dispenser,,BRITA,Water,Beverages
Brita® Pitcher OR Dispenser,,BRITA,Household Supplies,Household Supplies
Spend $30 at CVS,CVS,CVS,Medicines & Treatments,Health & Wellness
Spend $30 at CVS,CVS,CVS,Fruit Juices,Beverages
Spend $30 at CVS,CVS,CVS,Cooking & Baking,Pantry
Spend $30 at CVS,CVS,CVS,Skin Care,Health & Wellness
"Back to the Roots Organic Kits and Planters, at Target",TARGET,BACK TO THE ROOTS,Packaged Meals & Sides,Pantry
"Sir Kensington's® Condiments, buy 2",,SIR KENSINGTONS,Condiments,Pantry
"Sir Kensington's® Condiments, buy 2",,SIR KENSINGTONS,Sauces & Marinades,Pantry
"Sir Kensington's® Condiments, buy 2",,SIR KENSINGTONS,Dressings,Pantry
"Perfect Keto Exogenous Ketones Powder, online at Amazon",AMAZON,PERFECT KETO,Medicines & Treatments,Health & Wellness
"Perfect Keto Exogenous Ketones Powder, online at Amazon",AMAZON,PERFECT KETO,Nuts & Seeds,Snacks
Select Beverages AND Prepared Food Item at Casey's,CASEYS GENERAL STORE,CASEYS GENERAL STORE,Cooking & Baking,Pantry
Select Beverages AND Prepared Food Item at Casey's,CASEYS GENERAL STORE,CASEYS GENERAL STORE,Frozen Pizza & Pizza Snacks,Frozen
"Back to the Roots Potting Mix, 1 cubic foot, at Lowe's Home Improvement",LOWES HOME IMPROVEMENT,BACK TO THE ROOTS,Packaged Meals & Sides,Pantry
"Barilla® pasta, select varieties, buy 2",,BARILLA,Dry Pasta,Pasta & Noodles
"Barilla® pasta, select varieties, buy 2",,BARILLA,Chips,Snacks
"Barilla® pasta, select varieties, buy 2",,BARILLA,Red Pasta Sauce,Pasta Sauce
"Barilla® pasta, select varieties, buy 2",,BARILLA,Pesto Sauce,Pasta Sauce
Any Star Market receipt,STAR MARKET,STAR MARKET,Cooking & Baking,Pantry
"Squirrel, The Bedside Perch, online at Amazon",AMAZON,SQUIRREL,,
"Fresh Bakery items, select varieties, at Casey's",CASEYS GENERAL STORE,CASEYS GENERAL STORE,Cooking & Baking,Pantry
"Fresh Bakery items, select varieties, at Casey's",CASEYS GENERAL STORE,CASEYS GENERAL STORE,Frozen Pizza & Pizza Snacks,Frozen
Ben & Jerry's® Churray For Churros™ Ice Cream,,BEN AND JERRYS,Frozen Desserts,Frozen
Sir Kensington's® Condiments,,SIR KENSINGTONS,Condiments,Pantry
Sir Kensington's® Condiments,,SIR KENSINGTONS,Sauces & Marinades,Pantry
Sir Kensington's® Condiments,,SIR KENSINGTONS,Dressings,Pantry
"Dove Hand Wash, select varieties at Target",TARGET,DOVE,Bath & Body,Health & Wellness
"Dove Hand Wash, select varieties at Target",TARGET,DOVE,Deodorant & Antiperspirant,Health & Wellness
"Dove Hand Wash, select varieties at Target",TARGET,DOVE,Hair Care,Health & Wellness
"Dove Hand Wash, select varieties at Target",TARGET,DOVE,Makeup,Beauty
Spend $15 at Burger King,BURGER KING,BURGER KING,Cooking & Baking,Pantry
Cameron’s Coffee EcoPods,,CAMERON'S COFFEE,Coffee,Beverages
L'Oréal Paris True Match Foundation at Target,TARGET,LOREAL PARIS COSMETICS,Makeup,Beauty
"Sara Lee® Delightful bread, buy 2",,SARA LEE,Bread,Pantry
"Sara Lee® Delightful bread, buy 2",,SARA LEE,Cheese,Dairy
"Sara Lee® Delightful bread, buy 2",,SARA LEE,Bakery,Deli & Bakery
"Sara Lee® Delightful bread, buy 2",,SARA LEE,"Cereal, Granola, & Toaster Pastries",Pantry
"Sara Lee® Delightful bread, buy 2",,SARA LEE,Frozen Desserts,Frozen
"Welch's® Juicefuls® Juicy Fruit Snacks, buy 2",,WELCHS FRUIT SNACKS,Fruit & Vegetable Snacks,Snacks
Spend $35 at Subway,SUBWAY,SUBWAY,Cooking & Baking,Pantry
"Dixon® Safety Carpenter Pencil, 10 count, at Lowe’s®",LOWES HOME IMPROVEMENT,DIXON,Cooking & Baking,Pantry
"Dixon® Safety Carpenter Pencil, 10 count, at Lowe’s®",LOWES HOME IMPROVEMENT,DIXON,Makeup,Beauty
Spend $115 at Safeway,SAFEWAY,SAFEWAY,Candy,Snacks
"Breyers Reese's Ice Cream, select varieties, at GIANT OR MARTIN’S",MARTINS FOODS,BREYERS,Frozen Desserts,Frozen
"Breyers Reese's Ice Cream, select varieties, at GIANT OR MARTIN’S",MARTINS FOODS,BREYERS,Frozen Breads & Doughs,Frozen
Shop 2 times at Randalls,RANDALLS,RANDALLS,,
"Jack Link's®, select varieties",,JACK LINKS,Jerky & Dried Meat,Snacks
"Persil® ProClean®, select varieties, at Walmart",WALMART,PERSIL,,
"Back to the Roots Organic 3-In-1 Seed Starting Mix 12 quart, at Walmart or Target",TARGET,BACK TO THE ROOTS,Packaged Meals & Sides,Pantry
"STARBURST®, select varieties",,STARBURST,Candy,Snacks
"STARBURST®, select varieties",,STARBURST,Fruit & Vegetable Snacks,Snacks
"STARBURST®, select varieties",,STARBURST,Gum,Candy
"Super Coffee, 12 ounce single serve",,SUPER COFFEE,Coffee,Beverages
Spend $90 at Safeway,SAFEWAY,SAFEWAY,Candy,Snacks
Spend $5 on brisket mac & cheese sandwich OR other single-serve prepared food item,CASEYS GENERAL STORE,CASEYS GENERAL STORE,Cooking & Baking,Pantry
Spend $5 on brisket mac & cheese sandwich OR other single-serve prepared food item,CASEYS GENERAL STORE,CASEYS GENERAL STORE,Frozen Pizza & Pizza Snacks,Frozen
Spend $50 at Chewy.com,CHEWY,CHEWY,,
Simply Organic Seasoning Mixes OR Spices,,SIMPLY ORGANIC,Cooking & Baking,Pantry
Simply Organic Seasoning Mixes OR Spices,,SIMPLY ORGANIC,Sauces & Marinades,Pantry
Spend $10 at KFC,KFC,KFC,,
Sargento Product,,SARGENTO,Cheese,Dairy
Thomas'® Bagel Thins,,THOMAS,Bread,Pantry
Thomas'® Bagel Thins,,THOMAS,Frozen Breakfast,Frozen
Thomas'® Bagel Thins,,THOMAS,Bakery,Deli & Bakery
Spend $270 at Pavilions,PAVILIONS,PAVILIONS,Cooking & Baking,Pantry
"Back to the Roots Soils, select varieties, at Walmart",WALMART,BACK TO THE ROOTS,Packaged Meals & Sides,Pantry
